year,total_sessions
2018,42814.07
2019,39875.43
2020,10208.181818181818
2021,4790.521276595745
2022,14841.818181818182
